Part,Value,Device,Package,Description,DIGIKEY_PART#,Mfg,Part#, Q1 [CAD] , Q10 [CAD] , Q100 [CAD] ,Need, Subtotal ,,Buy, Subtotal 
J9,5179031,5179031,TE-5179031-1,TE Plug assembly FH 0.8mm - 40 pos.,A115335-ND,TE Connectivity,5179031-1,$4.01,,,1,$4.01,,0, $-   
U11,25FL127S00,25LC080SN,SO-08,Serial FLASH 16Mx8,1274-1045-ND,Spansion,S25FL127SABMFI10_,$2.07,,,1,$2.07,,2,$4.14
RN10,51R,2R-NEXBV4V,EXBV4V,RES ARRAY 51 OHM 2 RES 0606,MNR12ERAPJ510,Rohm Semi,MNR12ERAPJ510,$0.12,$0.08,,3,$0.36,,10,$0.79
RN20,51R,2R-NEXBV4V,EXBV4V,,,,,,,,,,,,
RN9,51R,2R-NEXBV4V,EXBV4V,,,,,,,,,,,,
RN25,56R,2R-NEXBV4V,EXBV4V,RES ARRAY 56 OHM 2 RES 0606,Y2560CT-ND,Panasonic,EXB-V4V560JV,$0.21,,,2,$0.42,,5,$1.05
RN26,56R,2R-NEXBV4V,EXBV4V,,,,,,,,,,,,
RN21,10K,4R-NCAT16,CAT16,RES ARRAY 10K OHM 4 RES 1206,CAY16-103J4GLFCT-ND,Bourns Inc.,CAY16-103J4GLF,$0.12,$0.06,,1,$0.12,,10,$0.64
RN1,1K,4R-NCAT16,CAT16,RES ARRAY 1K OHM 4 RES 1206,CAY16-102J4GLFCT-ND,Bourns Inc.,CAY16-102J4GLF,$0.12,$0.06,,2,$0.24,,10,$0.64
RN2,1K,4R-NCAT16,CAT16,,,,,,,,,,,,
RN6,330R,4R-NCAT16,CAT16,RES ARRAY 330 OHM 4 RES 1206,CAY16-331J4LFCT-ND,Bourns Inc.,CAY16-331J4LF,$0.12,$0.06,,1,$0.12,,10,$0.62
RN11,33R,4R-NCAT16,CAT16,RES ARRAY 33 OHM 4 RES 1206,CAY16-330J4LFCT-ND,Bourns Inc.,CAY16-330J4LF,$0.12,$0.06,,6,$0.72,,15,$0.93
RN12,33R,4R-NCAT16,CAT16,,,,,,,,,,,,
RN13,33R,4R-NCAT16,CAT16,,,,,,,,,,,,
RN14,33R,4R-NCAT16,CAT16,,,,,,,,,,,,
RN16,33R,4R-NCAT16,CAT16,,,,,,,,,,,,
RN17,33R,4R-NCAT16,CAT16,,,,,,,,,,,,
RN3,4K7,4R-NCAT16,CAT16,RES ARRAY 4.7K OHM 4 RES 1206,CAY16-472J4LFCT-ND,Bourns Inc.,CAY16-472J4LF,$0.12,$0.06,,3,$0.36,,10,$0.62
RN4,4K7,4R-NCAT16,CAT16,,,,,,,,,,,,
RN7,4K7,4R-NCAT16,CAT16,,,,,,,,,,,,
RN18,51R,4R-NCAT16,CAT16,RES ARRAY 51 OHM 4 RES 1206,CAY16-510J4LFCT-ND,Bourns Inc.,CAY16-510J4LF,$0.12,$0.06,,6,$0.72,,15,$0.93
RN19,51R,4R-NCAT16,CAT16,,,,,,,,,,,,
RN22,51R,4R-NCAT16,CAT16,,,,,,,,,,,,
RN23,51R,4R-NCAT16,CAT16,,,,,,,,,,,,
RN24,51R,4R-NCAT16,CAT16,,,,,,,,,,,,
RN5,51R,4R-NCAT16,CAT16,,,,,,,,,,,,
RN15,82R,4R-NCAT16,CAT16,RES ARRAY 82 OHM 4 RES 1206,CAY16-820J4LFCT-ND,Bourns Inc.,CAY16-820J4LF,$0.12,$0.06,,2,$0.24,,10,$0.62
RN8,82R,4R-NCAT16,CAT16,,,,,,,,,,,,
U20,74LVC1G11DCK,74LVC1G11DCK,SC70-6,IC GATE AND 1CH 3-INP SC-70-6,296-18066-1-ND,TI,SN74LVC1G11DCKR,$0.46,,,1,$0.46,,2,$0.92
U14,74LVC3G17DCU,74LVC3G17DCU,MAB08A,IC BUFF TRPL SCHMIT TRIG US8,296-18818-1-ND,TI,SN74LVC3G17DCUR,$0.86,,,1,$0.86,,2,$1.72
D3,BAT54CW,A2K_SOT-323,SOT65P210X110-3N,DIODE SCHOTTKY 30V 200MA SOT323,BAT54CWT1GFSCT-ND,Fairchild Semi,BAT54CWT1G,$0.30,$0.28,,4,$1.20,,10,$2.79
D4,BAT54CW,A2K_SOT-323,SOT65P210X110-3N,,,,,,,,,,,,
D5,BAT54CW,A2K_SOT-323,SOT65P210X110-3N,,,,,,,,,,,,
D8,BAT54CW,A2K_SOT-323,SOT65P210X110-3N,,,,,,,,,,,,
U7,AK4556VT,AK4556VT,TSSOP20,IC STEREO CODEC 24BIT 20TSSOP,974-1021-1-ND,AKM Semi,AK4556VTP-E2,$4.32,,,1,$4.32,,1,$4.32
U1,AP2511S,AP25X1MP,MSOP8-PAD,Diodes Inc. 2.5A Current-limited power switch,AP2511MP-13DICT-ND,Diodes Inc,AP2511MP-13,$0.64,,,1,$0.64,,2,$1.28
C100,0u1,CAPACITOR_0402,CAPC1005X60N,CAP CER 0.1UF 10V 10% X5R 0402,587-1227-1-ND,Taiyo Yuden,LMK105BJ104KV-F,,$0.01,$0.01,46,$0.64,,200,$1.28
C101,0u1,CAPACITOR_0402,CAPC1005X60N,,,,,,,,,,,,
C103,0u1,CAPACITOR_0402,CAPC1005X60N,,,,,,,,,,,,
C105,0u1,CAPACITOR_0402,CAPC1005X60N,,,,,,,,,,,,
C106,0u1,CAPACITOR_0402,CAPC1005X60N,,,,,,,,,,,,
C108,0u1,CAPACITOR_0402,CAPC1005X60N,,,,,,,,,,,,
C109,0u1,CAPACITOR_0402,CAPC1005X60N,,,,,,,,,,,,
C110,0u1,CAPACITOR_0402,CAPC1005X60N,,,,,,,,,,,,
C111,0u1,CAPACITOR_0402,CAPC1005X60N,,,,,,,,,,,,
C112,0u1,CAPACITOR_0402,CAPC1005X60N,,,,,,,,,,,,
C113,0u1,CAPACITOR_0402,CAPC1005X60N,,,,,,,,,,,,
C114,0u1,CAPACITOR_0402,CAPC1005X60N
C116,0u1,CAPACITOR_0402,CAPC1005X60N
C117,0u1,CAPACITOR_0402,CAPC1005X60N
C118,0u1,CAPACITOR_0402,CAPC1005X60N
C119,0u1,CAPACITOR_0402,CAPC1005X60N
C120,0u1,CAPACITOR_0402,CAPC1005X60N
C121,0u1,CAPACITOR_0402,CAPC1005X60N
C122,0u1,CAPACITOR_0402,CAPC1005X60N
C123,0u1,CAPACITOR_0402,CAPC1005X60N
C124,0u1,CAPACITOR_0402,CAPC1005X60N
C57,0u1,CAPACITOR_0402,CAPC1005X60N
C58,0u1,CAPACITOR_0402,CAPC1005X60N
C59,0u1,CAPACITOR_0402,CAPC1005X60N
C69,0u1,CAPACITOR_0402,CAPC1005X60N
C72,0u1,CAPACITOR_0402,CAPC1005X60N
C73,0u1,CAPACITOR_0402,CAPC1005X60N
C74,0u1,CAPACITOR_0402,CAPC1005X60N
C75,0u1,CAPACITOR_0402,CAPC1005X60N
C76,0u1,CAPACITOR_0402,CAPC1005X60N
C77,0u1,CAPACITOR_0402,CAPC1005X60N
C78,0u1,CAPACITOR_0402,CAPC1005X60N
C79,0u1,CAPACITOR_0402,CAPC1005X60N
C80,0u1,CAPACITOR_0402,CAPC1005X60N
C81,0u1,CAPACITOR_0402,CAPC1005X60N
C82,0u1,CAPACITOR_0402,CAPC1005X60N
C83,0u1,CAPACITOR_0402,CAPC1005X60N
C84,0u1,CAPACITOR_0402,CAPC1005X60N
C86,0u1,CAPACITOR_0402,CAPC1005X60N
C87,0u1,CAPACITOR_0402,CAPC1005X60N
C88,0u1,CAPACITOR_0402,CAPC1005X60N
C89,0u1,CAPACITOR_0402,CAPC1005X60N
C91,0u1,CAPACITOR_0402,CAPC1005X60N
C92,0u1,CAPACITOR_0402,CAPC1005X60N,,,,,,,,,,,,
C94,0u1,CAPACITOR_0402,CAPC1005X60N,,,,,,,,,,,,
C95,0u1,CAPACITOR_0402,CAPC1005X60N,,,,,,,,,,,,
C97,0u1,CAPACITOR_0402,CAPC1005X60N,,,,,,,,,,,,
C98,0u1,CAPACITOR_0402,CAPC1005X60N,,,,,,,,,,,,
C1,0u1,CAPACITOR_0603,CAPC1608X92N,CAP CER 0.1UF 16V 10% X7R 0603,490-1532-1-ND,Murata,GRM188R71C104KA01D,,$0.02,$0.01,39,$0.86,,100,$0.99
C102,0u1,CAPACITOR_0603,CAPC1608X92N,,,,,,,,,,,,
C104,0u1,CAPACITOR_0603,CAPC1608X92N,,,,,,,,,,,,
C107,0u1,CAPACITOR_0603,CAPC1608X92N,,,,,,,,,,,,
C115,0u1,CAPACITOR_0603,CAPC1608X92N,,,,,,,,,,,,
C125,0u1,CAPACITOR_0603,CAPC1608X92N,,,,,,,,,,,,
C2,0u1,CAPACITOR_0603,CAPC1608X92N,,,,,,,,,,,,
C22,0u1,CAPACITOR_0603,CAPC1608X92N,,,,,,,,,,,,
C25,0u1,CAPACITOR_0603,CAPC1608X92N,,,,,,,,,,,,
C3,0u1,CAPACITOR_0603,CAPC1608X92N,,,,,,,,,,,,
C30,0u1,CAPACITOR_0603,CAPC1608X92N,,,,,,,,,,,,
C32,0u1,CAPACITOR_0603,CAPC1608X92N
C33,0u1,CAPACITOR_0603,CAPC1608X92N
C38,0u1,CAPACITOR_0603,CAPC1608X92N
C42,0u1,CAPACITOR_0603,CAPC1608X92N
C45,0u1,CAPACITOR_0603,CAPC1608X92N
C47,0u1,CAPACITOR_0603,CAPC1608X92N
C49,0u1,CAPACITOR_0603,CAPC1608X92N
C50,0u1,CAPACITOR_0603,CAPC1608X92N
C51,0u1,CAPACITOR_0603,CAPC1608X92N
C53,0u1,CAPACITOR_0603,CAPC1608X92N
C55,0u1,CAPACITOR_0603,CAPC1608X92N
C56,0u1,CAPACITOR_0603,CAPC1608X92N
C60,0u1,CAPACITOR_0603,CAPC1608X92N
C63,0u1,CAPACITOR_0603,CAPC1608X92N
C66,0u1,CAPACITOR_0603,CAPC1608X92N
C67,0u1,CAPACITOR_0603,CAPC1608X92N
C68,0u1,CAPACITOR_0603,CAPC1608X92N,,,,,,,,,,,,
C70,0u1,CAPACITOR_0603,CAPC1608X92N,,,,,,,,,,,,
C71,0u1,CAPACITOR_0603,CAPC1608X92N,,,,,,,,,,,,
C85,0u1,CAPACITOR_0603,CAPC1608X92N,,,,,,,,,,,,
C90,0u1,CAPACITOR_0603,CAPC1608X92N,,,,,,,,,,,,
C93,0u1,CAPACITOR_0603,CAPC1608X92N,,,,,,,,,,,,
C96,0u1,CAPACITOR_0603,CAPC1608X92N,,,,,,,,,,,,
C99,0u1,CAPACITOR_0603,CAPC1608X92N,,,,,,,,,,,,
C15,100pF,CAPACITOR_0603,CAPC1608X92N,CAP CER 100PF 50V 5% NP0 0603, 445-1281-1-ND,TDK,C1608C0G1H101J080AA,$0.12,$0.03,,2,$0.24,,10,$0.31
C16,100pF,CAPACITOR_0603,CAPC1608X92N,,,,,,,,,,,,
C43,15pF,CAPACITOR_0603,CAPC1608X92N,CAP CER 15PF 50V 5% NP0 0603,445-1271-1-ND,TDK,C1608C0G1H150J080AA,$0.12,$0.03,,2,$0.24,,10,$0.31
C44,15pF,CAPACITOR_0603,CAPC1608X92N,,,,,,,,,,,,
C11,1uF,CAPACITOR_0603,CAPC1608X92N,CAP CER 1UF 10V 10% X7R 0603,587-1242-1-ND,Taiyo Yuden,LMK107B7105KA-T,$0.12,$0.05,,10,$0.47,,0,
C37,1uF,CAPACITOR_0603,CAPC1608X92N,,,,,,,,,,,,
C39,1uF,CAPACITOR_0603,CAPC1608X92N,,,,,,,,,,,,
C12,1uF,CAPACITOR_0603,CAPC1608X92N,,,,,,,,,,,,
C129,1uF,CAPACITOR_0603,CAPC1608X92N,,,,,,,,,,,,
C13,1uF,CAPACITOR_0603,CAPC1608X92N,,,,,,,,,,,,
C14,1uF,CAPACITOR_0603,CAPC1608X92N,,,,,,,,,,,,
C26,1uF,CAPACITOR_0603,CAPC1608X92N,,,,,,,,,,,,
C40,1uF,CAPACITOR_0603,CAPC1608X92N,,,,,,,,,,,,
C61,1uF,CAPACITOR_0603,CAPC1608X92N,,,,,,,,,,,,
C7,1uF,CAPACITOR_0603,CAPC1608X92N,,,,,,,,,,,,
C34,2u2,CAPACITOR_0603,CAPC1608X92N,CAP CER 2.2UF 6.3V 10% X5R 0603, 587-3386-1-ND,Taiyo Yuden,JMK107BJ225KAHT,$0.13,$0.09,,2,$0.26,,10,$0.89
C62,2u2,CAPACITOR_0603,CAPC1608X92N,,,,,,,,,,,,
C52,6n8,CAPACITOR_0603,CAPC1608X92N,CAP CER 6800PF 25V 5% NP0 0603,1276-1185-1-ND,Samsung,CL10B682KB8NNNC,$0.12,$0.04,,2,$0.24,,10,$0.36
C54,6n8,CAPACITOR_0603,CAPC1608X92N,,,,,,,,,,,,
C126,NC,CAPACITOR_0603,CAPC1608X92N,,,,,,,,,,,,
C127,NC,CAPACITOR_0603,CAPC1608X92N,,,,,,,,,,,,
C128,NC,CAPACITOR_0603,CAPC1608X92N,,,,,,,,,,,,
C48,NC,CAPACITOR_0603,CAPC1608X92N,,,,,,,,,,,,
C65,NC,CAPACITOR_0603,CAPC1608X92N,,,,,,,,,,,,
C10,10uF,CAPACITOR_0805N,CAP2012X70N,CAP CER 10UF 10V 20% X5R 0805,445-7661-1-ND,TDK,C2012X5R1A106M125AB,$0.23,$0.16,,10,$1.57,,20,$3.14
C17,10uF,CAPACITOR_0805N,CAP2012X70N,,,,,,,,,,,,
C18,10uF,CAPACITOR_0805N,CAP2012X70N,,,,,,,,,,,,
C19,10uF,CAPACITOR_0805N,CAP2012X70N,,,,,,,,,,,,
C5,10uF,CAPACITOR_0805N,CAP2012X70N,,,,,,,,,,,,
C21,10uF,CAPACITOR_0805N,CAP2012X70N,,,,,,,,,,,,
C46,10uF,CAPACITOR_0805N,CAP2012X70N,,,,,,,,,,,,
C4,10uF,CAPACITOR_0805N,CAP2012X70N,,,,,,,,,,,,
C41,10uF,CAPACITOR_0805N,CAP2012X70N,,,,,,,,,,,,
C9,10uF,CAPACITOR_0805N,CAP2012X70N,,,,,,,,,,,,
C6,,"CPOL-EUE2,5-6E","E2,5-6E",CAP ALUM 470UF 10V 20% RADIAL,565-1023-ND,United Chemi-Con,ESMG100ELL471MF11D,$0.47,,,1,$0.47,,3,$1.41
C27,10uF,CPOL-EUE2-5,E2-5,CAP ALUM 10UF 63V 20% RADIAL,493-11022-1-ND,Nichicon,UFW1J100MDD1TD ,$0.29,,,2,$0.58,,5,$1.45
C28,10uF,CPOL-EUE2-5,E2-5,CAP ALUM 10UF 63V 20% RADIAL,,,,,,,,,,,
C35,2u2,"C-PR-1,0X3","E1,0-3", CAP ALUM 2.2UF 35V 20% RADIAL,493-10302-1-ND,Nichicon,UMT1V2R2MCD2TP,$0.34,,,2,$0.68,,5,$1.70
C36,2u2,"C-PR-1,0X3","E1,0-3",,,,,,,,,,,,
J10,DB15H-S,DB15H-S,DB15HS,CONN D-SUB HD RCPT 15POS RA GOLD,S9581-ND,Sullins Connector,SDS108-PRW1-F15-SN63-1,$1.33,,,1,$1.33,,0,
J1,DCJ0202PIN,DCJ0202PIN,PJ-102A,CONN PWR JACK 2.1X5.5MM HIGH CUR (5A),CP-102AH-ND,CUI Inc,PJ-102AH,$1.36,,,,,,,
,,,,CONN JACK POWER 2.1MM PCB (2.5A),CP-102A-ND,CUI Inc,PJ-102A,$1.16,,,1,$1.16,,2,$2.32
D1,RB751S40,DIODE-SOD523,SOD523,DIODE SCHOTTKY 40V 0.03A SOD523F,RB751S40CT-ND,Fairchild Semi,RB751S40,$0.24,$0.23,,3,$0.72,,5,$1.20
D6,RB751S40,DIODE-SOD523,SOD523,,,,,,,,,,,,
D9,RB751S40,DIODE-SOD523,SOD523,,,,,,,,,,,,
U13,ENC624J600/PT,ENC624J600/PT,TQFP64,IC ETHERNET CTRLR W/SPI 64-TQFP, ENC624J600-I/PT-ND,Microchip,ENC624J600-I/PT,$5.36,,,1,$5.36,,1,$5.36
U17,EP3C25P240,EP3C25P240,PQFP240,IC FPGA 148 I/O 240QFP,544-2076-ND,Altera,EP3C25Q240C8N,$49.35,,,1,$49.35,,1,$49.35
U10,TLV70033,LDO-5,SOT23-5,IC REG LDO 3.3V 0.2A 5SOT,296-27937-1-ND,TI,TLV70033DDCR,$0.59,,,2,$1.18,,2,$1.18
U6,TLV70033,LDO-5,SOT23-5,,,,,,,,,,,,
U3,MCP1700T-2502E/TT,MCP1700/TT,SOT95P280X135-3N,IC REG LDO 2.5V 0.25A SOT23-3,MCP1700T-2502E/TTCT-ND,Microchip,MCP1700T-2502E/TT,$0.51,,,1,$0.51,,2,$1.02
U4,MCP1700T-3002E/TT,MCP1700/TT,SOT95P280X135-3N,IC REG LDO 3V 0.25A SOT23-3,MCP1700T-3002E/TTCT-ND,Microchip,MCP1700T-3002E/TT,$0.51,,,1,$0.51,,2,$1.02
J4,,MINI_DIN_6,M_DIN6,CONN MINI-DIN 6 PIN FEMALE PCB,CP-2260-ND,CUI Inc,MD-60SM,$1.87,,,1,$1.87,,0,
U15,MK22DX_VLF,MK22DX_VLF,TQFP48,"Freescale Cortex M4 in 48 pin package: MK22DX128VLF5, MK22DX256VLF5", MK22DX256VLF5-ND,Freescale Semi,MK22DX256VLF5,$6.43,,,1,$6.43,,1,$6.43
S1,,MOM_SW-RTPTS635V,PTS635V,OMRON SWITCH,,,,,,,,,,,
Q1,2N7002,MOSFET-NCH_SOT-23,SOT95P280X135-3N,MOSFET N-CH 60V 115MA SOT-23,2N7002NCT-ND,Fairchild Semi,2N7002,$0.27,$2.40,,1,$0.27,,0,
H1,MOUNT-PAD-ROUND3.3-NONPLATED,MOUNT-PAD-ROUND3.3-NONPLATED,3.2-PAD,"MOUNTING PAD, round",,,,,,,,,,0,
H2,MOUNT-PAD-ROUND3.3-NONPLATED,MOUNT-PAD-ROUND3.3-NONPLATED,3.2-PAD,"MOUNTING PAD, round",,,,,,,,,,,
H3,MOUNT-PAD-ROUND3.3-NONPLATED,MOUNT-PAD-ROUND3.3-NONPLATED,3.2-PAD,"MOUNTING PAD, round",,,,,,,,,,,
H4,MOUNT-PAD-ROUND3.3-NONPLATED,MOUNT-PAD-ROUND3.3-NONPLATED,3.2-PAD,"MOUNTING PAD, round",,,,,,,,,,,
U16,MT48LC4M32B2,MT48LC4M32B2,TSOP86,IC SDRAM 256MBIT 166MHZ 86TSOP 2Mx4x32,706-1288-ND , ISSI,IS42S32800D-6TL,$11.41,,,1,$11.41,,1,$11.41
L2,NRS40182R2,NRS4018,NR4018,INDUCTOR POWER 2.2UH 2.2A SMD,587-2890-1-ND,Taiyo Yuden,NRS4018T2R2MDGJ,$0.43,,,1,$0.43,,3,$1.29
L3,NRS40184R7,NRS4018,NR4018,INDUCTOR POWER 4.7UH 1.7A SMD,587-2893-1-ND,Taiyo Yuden,NRS4018T4R7MDGJ,$0.43,,,1,$0.43,,3,$1.29
U5,PAM2306D,PAM2306D,PAM2306D,IC REG BUCK SYNC ADJ 1A DL 12DFN,PAM2306DYPAADICT-ND,Diodes Inc,PAM2306DYPAA,$0.98,,,1,$0.98,,2,$1.96
C64,PAS311VA6R,PAS311VA6R,311VA6R,CAP SUPER 0.03F 3.3V COIN SMD,587-2669-1-ND,Taiyo Yuden,PAS311HR-VG1,$1.53,,,1,$1.53,,2,$3.06
JP3,NC,PINHD-1X6_2.00,1X06M,PIN HEADER,,,,,,,0,,,,
2X22M-W_PLUG,2X22M-W_PLUG,2X22M-W_PLUG,2X22M-W_PLUG,PIN HEADER,,,,,,,,,,,
JP2,nc,PINHD-2X3_2.54-90?,2X03-90,PIN HEADER,,,,,,,0,,,,
JP4,,PINHD-2X3_2.54-ROUND,2X03-RND,,,,,,,,,,,,
JP7,,PINHD-2X3_2.54-ROUND,2X03-RND,PIN HEADER,,,,,,,,,,,
JP6,,PINHD-2X4,2X04,PIN HEADER,,,,,,,,,,,
J2,,PINHD-2X5_2.54-W/PLUG,2X05-W_PLUG,PIN HEADER,,,,,,,,,,,
J3,,PINHD-2X5_2.54-W/PLUG,2X05-W_PLUG,PIN HEADER,,,,,,,,,,,
C24,10uF,POLARISED_B_CASE,CAPMP3528X210N,CAP TANT 15UF 10V 20% 1411,478-8202-1-ND,AVX ,F931A156MBA,$0.43,,,2,$0.86,,0,
C31,10uF,POLARISED_B_CASE,CAPMP3528X210N,,,,,,,,,,,,
C20,,POLARISED_D_CASE,CAPMP7343X310N,CAP TANT 100UF 10V 20% 2917,399-3772-1-ND,Kemet,T491D107M010AT,$1.10,,,0,,,0,
C8,,POLARISED_D_CASE,CAPMP7343X310N,,,,,,,,,,,,
PTC4,0ZCJ0005FF2E,PTC1206,1206,PTC RESTTBLE 0.05A 60V CHIP 1206,507-1793-1-ND,Bel Fuse Inc,0ZCJ0005FF2E,$0.14,,,1,$0.14,,5,$0.70
PTC3,1206L035YR,PTC1206,1206,FUSE PTC RESET 6V .35A 1206,507-1800-1-ND,Bel Fuse Inc,0ZCJ0035FF2G,$0.14,,,1,$0.14,,5,$0.70
PTC1,1206L110TH,PTC1206,1206,PTC RESTTBLE 1.0A 6V CHIP 1206,507-1482-1-ND,Bel Fuse Inc,0ZCA0100FF2E,$0.24,,,1,$0.24,,5,$1.20
PTC2,1206L110TH,PTC1206,1206,,,,,,,,,,,,
R26,120R,RESISTOR_0402,RESC1005X40AN,RES 120 OHM 1/16W 1% 0402 SMD,RHM120CDCT-ND, Rohm Semi,MCR01MRTF1200,$0.10,$0.01,,7,$0.13,,20,$0.26
R27,120R,RESISTOR_0402,RESC1005X40AN,,,,,,,,,,,,
R28,120R,RESISTOR_0402,RESC1005X40AN,,,,,,,,,,,,
R29,120R,RESISTOR_0402,RESC1005X40AN,,,,,,,,,,,,
R30,120R,RESISTOR_0402,RESC1005X40AN,,,,,,,,,,,,
R24,120R,RESISTOR_0402,RESC1005X40AN,,,,,,,,,,,,
R31,120R,RESISTOR_0402,RESC1005X40AN,,,,,,,,,,,,
R52,249R,RESISTOR_0402,RESC1005X40AN,RES 249 OHM 1/16W 1% 0402 SMD,311-249LRCT-ND,Yageo,RC0402FR-07249RL,,$0.02,,15,$0.27,,50,$0.90
R53,249R,RESISTOR_0402,RESC1005X40AN,,,,,,,,,,,,
R54,249R,RESISTOR_0402,RESC1005X40AN,,,,,,,,,,,,
R55,249R,RESISTOR_0402,RESC1005X40AN,,,,,,,,,,,,
R56,249R,RESISTOR_0402,RESC1005X40AN,,,,,,,,,,,,
R58,249R,RESISTOR_0402,RESC1005X40AN,,,,,,,,,,,,
R59,249R,RESISTOR_0402,RESC1005X40AN,,,,,,,,,,,,
R60,249R,RESISTOR_0402,RESC1005X40AN,,,,,,,,,,,,
R61,249R,RESISTOR_0402,RESC1005X40AN,,,,,,,,,,,,
R62,249R,RESISTOR_0402,RESC1005X40AN,,,,,,,,,,,,
R64,249R,RESISTOR_0402,RESC1005X40AN,,,,,,,,,,,,
R65,249R,RESISTOR_0402,RESC1005X40AN,,,,,,,,,,,,
R66,249R,RESISTOR_0402,RESC1005X40AN,,,,,,,,,,,,
R67,249R,RESISTOR_0402,RESC1005X40AN,,,,,,,,,,,,
R68,249R,RESISTOR_0402,RESC1005X40AN,,,,,,,,,,,,
R34,442R,RESISTOR_0402,RESC1005X40AN,RES 442 OHM 1/16W 1% 0402,RMCF0402FT442RCT-ND,Stackpole ,RMCF0402FT442R,,$0.02,,18,$0.31,,50,$0.85
R35,442R,RESISTOR_0402,RESC1005X40AN,,,,,,,,,,,,
R36,442R,RESISTOR_0402,RESC1005X40AN
R37,442R,RESISTOR_0402,RESC1005X40AN
R38,442R,RESISTOR_0402,RESC1005X40AN
R39,442R,RESISTOR_0402,RESC1005X40AN
R40,442R,RESISTOR_0402,RESC1005X40AN
R41,442R,RESISTOR_0402,RESC1005X40AN
R42,442R,RESISTOR_0402,RESC1005X40AN
R43,442R,RESISTOR_0402,RESC1005X40AN
R44,442R,RESISTOR_0402,RESC1005X40AN
R45,442R,RESISTOR_0402,RESC1005X40AN
R46,442R,RESISTOR_0402,RESC1005X40AN
R47,442R,RESISTOR_0402,RESC1005X40AN
R48,442R,RESISTOR_0402,RESC1005X40AN
R49,442R,RESISTOR_0402,RESC1005X40AN
R50,442R,RESISTOR_0402,RESC1005X40AN
R51,442R,RESISTOR_0402,RESC1005X40AN
R57,499R,RESISTOR_0402,RESC1005X40AN,RES 499 OHM 1/16W 1% 0402 SMD,311-499LRCT-ND,Yageo,RC0402FR-07499RL,,$0.02,,3,$0.14,,10,$0.18
R63,499R,RESISTOR_0402,RESC1005X40AN,,,,,,,,,,,,
R69,499R,RESISTOR_0402,RESC1005X40AN,,,,,,,,,,,,
R70,75R,RESISTOR_0402,RESC1005X40AN,RES 75 OHM 1/16W 1% 0402 SMD,RHM75.0CDCT-ND,Rohm Semi,MCR01MRTF75R0,,$0.02,,3,$0.13,,10,$0.16
R71,75R,RESISTOR_0402,RESC1005X40AN,,,,,,,,,,,,
R72,75R,RESISTOR_0402,RESC1005X40AN,,,,,,,,,,,,
R32,NC,RESISTOR_0402,RESC1005X40AN,,,,,,,,0,,,,
R2,100K,RESISTOR_0603,RESC1608X55N,RES 100K OHM 1/10W 1% 0603 SMD,311-100KHRCT-ND,Yageo,RC0603FR-07100KL,,$0.02,,2,$0.15,,10,$0.15
R3,100K,RESISTOR_0603,RESC1608X55N,,,,,,,,,,,,
R76,100R,RESISTOR_0603,RESC1608X55N,RES 100 OHM 1/10W 1% 0603 SMD,RHM100CFCT-ND,Rohm Semi,MCR03ERTF1000,,$0.01,,3,$0.14,,10,$0.14
R77,100R,RESISTOR_0603,RESC1608X55N,,,,,,,,,,,,
R10,10K,RESISTOR_0603,RESC1608X55N,RES 10K OHM 1/10W 1% 0603 SMD,311-10KHRCT-ND,Yageo,RC0603FR-07100KL,,$0.02,,7,$0.15,,0,
R18,10K,RESISTOR_0603,RESC1608X55N,,,,,,,,,,,,
R20,10K,RESISTOR_0603,RESC1608X55N,,,,,,,,,,,,
R21,10K,RESISTOR_0603,RESC1608X55N,,,,,,,,,,,,
R23,10k,RESISTOR_0603,RESC1608X55N,,,,,,,,,,,,
R25,10K,RESISTOR_0603,RESC1608X55N,,,,,,,,,,,,
R8,10K,RESISTOR_0603,RESC1608X55N,,,,,,,,,,,,
R11,10R,RESISTOR_0603,RESC1608X55N,RES 10 OHM 1/10W 1% 0603 SMD,RHM10.0CFCT-ND,Rohm Semi,MCR03ERTF10R0,,$0.01,,10,$0.11,,0,
R12,10R,RESISTOR_0603,RESC1608X55N,,,,,,,,,,,,
R16,10R,RESISTOR_0603,RESC1608X55N,,,,,,,,,,,,
R13,12.4K 1%,RESISTOR_0603,RESC1608X55N,RES 12.4K OHM 1/10W 1% 0603 SMD,RHM12.4KCFCT-ND,Rohm Semi,MCR03ERTF1242,,$0.01,,1,$0.11,,10,$0.11
R5,120K,RESISTOR_0603,RESC1608X55N,RES 120K OHM 1/10W 1% 0603,1276-4845-1-ND,Samsung ,RC1608F124CS,,$0.01,,1,$0.14,,10,$0.14
R14,330R,RESISTOR_0603,RESC1608X55N,RES 330 OHM 1/10W 1% 0603 SMD,RHM330CFDKR-ND, Rohm Semi,MCR03ERTF3300,,$0.01,,2,$0.11,,10,$0.11
R15,330R,RESISTOR_0603,RESC1608X55N,,,,,,,,,,,,
R1,4K7,RESISTOR_0603,RESC1608X55N,RES 4.7K OHM 1/10W 1% 0603 SMD,RHM4.70KCFCT-ND,Rohm Semi,MCR03ERTF4701,,$0.01,,2,$0.11,,10,$0.11
R17,4K7,RESISTOR_0603,RESC1608X55N,,,,,,,,,,,,
R33,51R,RESISTOR_0603,RESC1608X55N,RES 49.9 OHM 1/10W 1% 0603 SMD,RHM49.9CFCT-ND,Rohm Semi,MCR03ERTF49R9,,$0.01,,2,$0.11,,10,$0.11
R7,51R,RESISTOR_0603,RESC1608X55N,,,,,,,,,,,,
R4,540K,RESISTOR_0603,RESC1608X55N,RES 536K OHM 1/10W 1% 0603,1276-4907-1-ND,Samsung ,RC1608F5363CS,,$0.02,,1,$0.17,,10,$0.17
R19,5K6,RESISTOR_0603,RESC1608X55N,RES 5.6K OHM 1/10W 1% 0603 SMD,RHM5.6KCFCT-ND,Rohm Semi,MCR03ERTF5601,,$0.01,,1,$0.11,,10,$0.14
R6,5R1,RESISTOR_0603,RESC1608X55N,,,,,,,,,,,,
L4,600R,RESISTOR_0603,RESC1608X55N,FERRITE 300MA 600 OHM 0603 SMD,240-2380-1-ND,Laird,HZ0603C601R-10,$0.10,$0.07,,6,$0.60,,20,$1.38
L5,600R,RESISTOR_0603,RESC1608X55N,,,,,,,,,,,,
L6,600R,RESISTOR_0603,RESC1608X55N,,,,,,,,,,,,
L7,600R,RESISTOR_0603,RESC1608X55N,,,,,,,,,,,,
L8,600R,RESISTOR_0603,RESC1608X55N,,,,,,,,,,,,
L9,600R,RESISTOR_0603,RESC1608X55N,,,,,,,,,,,,
R73,75R,RESISTOR_0603,RESC1608X55N,RES 75 OHM 1/10W 1% 0603 SMD,RHM75.0CFCT-ND,Rohm Semi,MCR03ERTF75R0,,$0.01,,3,$0.11,,10,$0.14
R74,75R,RESISTOR_0603,RESC1608X55N,,,,,,,,,,,,
R75,75R,RESISTOR_0603,RESC1608X55N,,,,,,,,,,,,
R9,82K,RESISTOR_0603,RESC1608X55N,RES 82K OHM 1/10W 1% 0603 SMD,RHM82KCFCT-ND,Rohm Semi,MCR03ERTF8202,,$0.01,,1,$0.11,,10,$0.14
L1,CIS21J121NE,RESISTOR_0805,RESC2012X70N,FERRITE CHIP 120 OHM 5000MA 0805,1276-6369-1-ND,Samsung,CIS21J121NE,$0.10,$0.04,,1,$0.10,,10,$0.42
JP1,SCREW-TERM_3.5MM,SCREW-TERM_3.5MM,SCREWTERMINAL-3.5MM-2,Screw Terminal:,ED2740-ND,On Shore Tech,OSTTE020104,$0.42,,,1,$0.42,,2,$0.84
U18,SI5351ABGT,SI5351ABGT,MSOP-10,IC CLK GENERATOR 160MHZ 10MSOP,336-2399-5-ND , Silicon Lab,SI5351A-B-GT,$1.55,,,1,$1.55,,2,$3.10
J5,STX-4235,STX-4235,STX-4235-3,Kycon: stx-4235-3/3-N (Mouser),CP-351033-ND,CUI Inc,SJD-3510-33,$2.06,,,1,$2.06,,1,$2.06
U2,TCM809XXNB,TCM809XXNB,SOT95P280X135-3N,Power supply supervisor.,TCM809LENB713CT-ND ,Microchip,TCM809LENB713,$0.47,,,1,$0.47,,2,$0.94
J6,TE-1932739,TE-1932739,TE-1932739,"MICRO SD SOCKET PUSH/PULL,1.45 H",A118085CT-ND,TE Connectivity,1932739-1,$2.76,,,1,$2.76,,1,$2.76
U9,TPA6139A2PW,TPA6139A2PW,TSSOP14,TI Headphone amplifier - Audio path,296-28249-1-ND,TI,TPA6139A2PWR,$1.32,,,1,$1.32,,1,$1.32
TP1,TPSQTP07R,TPSQTP07R,TP07R,Test pad,,,,,,,,,,,
TP2,TPSQTP07R,TPSQTP07R,TP07R,Test pad,,,,,,,,,,,
TP3,TPSQTP07R,TPSQTP07R,TP07R,Test pad,,,,,,,,,,,
TP4,TPSQTP07R,TPSQTP07R,TP07R,Test pad,,,,,,,,,,,
TP5,TPSQTP07R,TPSQTP07R,TP07R,Test pad,,,,,,,,,,,
TP7,TPSQTP07R,TPSQTP07R,TP07R,Test pad,,,,,,,,,,,
TP8,TPSQTP07R,TPSQTP07R,TP07R,Test pad,,,,,,,,,,,
DEM1,TPTP06R,TPTP06R,TP06R,Test pad,,,,,,,,,,,
DEM2,TPTP06R,TPTP06R,TP06R,Test pad,,,,,,,,,,,
P1,TPTP07R,TPTP07R,TP07R,Test pad,,,,,,,,,,,
P2,TPTP07R,TPTP07R,TP07R,Test pad,,,,,,,,,,,
U19,TSH344ID,TSH344ID,SO-8,IC BUFFER TRPL VID 340MHZ 8-SOIC,497-4988-1-ND,ST Micro,TSH344IDT,$2.75,,,1,$2.75,,1,$2.75
J8,USB_A-VERTICAL,USB_A-VERTICAL,USB-A-HU,FCI 73725-0110BLF Vertical USB A,609-1041-ND,FCI,73725-0110BLF,$0.98,,,1,$0.98,,1,$0.98
U12,XC9572XL,XC9572VQ64,TQFP64,IC CPLD 72MC 10NS 64VQFP,122-1388-ND,Xilinx,XC9572XL-10VQG64C,$3.07,,,1,$3.07,,1,$3.07
U8,XRA1201L24,XRA1201L24,S-PQFP-N24-PAD,IC I/O EXPANDER I2C 16B 24QFN (pullup at power on),1016-1712-ND,Exar ,XRA1201PIL24-F,$1.78,,,1,$1.78,,1,$1.78
Y3,32kHz,XTAL_9HT4,9HT7,CRYSTAL 32.768KHZ 12.5PF SMD +/- 20ppm,887-1860-1-ND,TXC ,9HT7-32.768KDZF-T,$0.51,,,1,$0.51,,1,$0.51
Y2,TSX-3225 24MHz,XTAL_XRCGB,XTAL_2.0X1.6,CRYSTAL HYBRID 24MHZ 6PF SMD,490-5576-1-ND,Murata ,XRCGB24M000F3M00R0,$0.60,,,1,$0.60,,1,$0.60
Y1,XRCGB 25MHz,XTAL_XRCGB,XTAL_2.0X1.6,CRYSTAL 25MHZ 8PF SMD +/- 30ppm,887-2000-1-ND ,TXC ,8Y-25.000MAAV-T,$1.36,,,1,$1.36,,1,$1.36
Y4,XRCGB 25MHz,XTAL_XRCGB,XTAL_2.0X1.6,CRYSTAL HYBRID 25MHZ 6PF SMD +/- 100ppm,490-5577-1-ND,Murata ,XRCGB25M000F0L00R0,$0.60,,,1,$0.60,,1,$0.60
D2,MM3Z3V0B,ZENER_SOD-323,SOD2514X100N,DIODE ZENER 3V 200MW SOD323F,MM3Z3V0BCT-ND,Fairchild  Semi,MM3Z3V0B,$0.24,$0.22,,1,$0.24,,5,$1.20


,,,,,,,,,,,,$136.48,,,$157.56
